CodInst,NomeInstituicao,Segmento,UF
00068987,,,
00075847,,,
00106180,,,
00129753,,,
00141155,,,
00204963,,,
00259231,,,
00309024,,,
00315557,,,
00429890,,,
00512839,,,
00548980,,,
00694389,,,
00694877,,,
00698609,,,
00707903,,,
00731320,,,
00778858,,,
00803287,,,
00804046,,,
00815319,,,
00869687,,,
00913314,,,
00946465,,,
00952415,,,
00966246,,,
00968602,,,
00968834,,,
00971300,,,
00991739,,,
01009908,,,
01039011,,,
01060307,,,
01062439,,,
01073966,,,
01107759,,,
01152097,,,
01155801,,,
01187961,,,
01205736,,,
01235921,,,
01259518,,,
01286361,,,
01288797,,,
01301541,,,
01330387,,,
01374196,,,
01389651,,,
01401771,,,
01439107,,,
01504952,,,
01526924,,,
01551820,,,
01559914,,,
01572667,,,
01604998,,,
01608685,,,
01609345,,,
01635462,,,
01637949,,,
01644264,,,
01657678,,,
01658426,,,
01667352,,,
01667766,,,
01692448,,,
01699652,,,
01703620,,,
01705236,,,
01709266,,,
01727929,,,
01736516,,,
01739375,,,
01760242,,,
01819799,,,
01848322,,,
01864151,,,
01997612,,,
02000895,,,
02015588,,,
02024442,,,
02031139,,,
02057584,,,
02072790,,,
02083914,,,
02090126,,,
02093154,,,
02104058,,,
02115870,,,
02137018,,,
02144899,,,
02173447,,,
02179673,,,
02192115,,,
02197569,,,
02217068,,,
02230138,,,
02232228,,,
02232383,,,
02254376,,,
02275781,,,
02282165,,,
02282709,,,
02285107,,,
02309070,,,
02335109,,,
02338666,,,
02347114,,,
02382755,,,
02398976,,,
02405189,,,
02446089,,,
02447120,,,
02447184,,,
02448310,,,
02448839,,,
02466552,,,
02475222,,,
02480577,,,
02493000,,,
02528151,,,
02541707,,,
02562412,,,
02587492,,,
02588819,,,
02641032,,,
02641969,,,
02663426,,,
02723075,,,
02738981,,,
02766672,,,
02794761,,,
02814832,,,
02833202,,,
02843443,,,
02844024,,,
02850075,,,
02853045,,,
02869663,,,
02876918,,,
02883398,,,
02904125,,,
02904138,,,
02910387,,,
02910987,,,
02923389,,,
02924977,,,
02931668,,,
02934201,,,
02935307,,,
03000142,,,
03015152,,,
03033469,,,
03042597,,,
03046391,,,
03047549,,,
03065046,,,
03102185,,,
03139644,,,
03165497,,,
03212823,,,
03219207,,,
03222753,,,
03269540,,,
03320525,,,
03326437,,,
03358914,,,
03400651,,,
03412878,,,
03419786,,,
03422007,,,
03427097,,,
03428338,,,
03459850,,,
03461243,,,
03485130,,,
03502131,,,
03519240,,,
03535065,,,
03566655,,,
03575699,,,
03603683,,,
03612679,,,
03612764,,,
03620772,,,
03632872,,,
03639902,,,
03645752,,,
03657230,,,
03662047,,,
03674133,,,
03685335,,,
03732359,,,
03750034,,,
03793242,,,
03795072,,,
03844699,,,
03862898,,,
03941182,,,
03965737,,,
03973814,,,
03985375,,,
03990888,,,
04013172,,,
04079285,,,
04120633,,,
04152107,,,
04158581,,,
04174720,,,
04181542,,,
04237413,,,
04243780,,,
04247370,,,
04249235,,,
04261151,,,
04306351,,,
04321309,,,
04350225,,,
04355489,,,
04388688,,,
04406371,,,
04414354,,,
04445917,,,
04463602,,,
04478231,,,
04484490,,,
04490531,,,
04525997,,,
04529074,,,
04565791,,,
04572960,,,
04608925,,,
04632856,,,
04649337,,,
04663561,,,
04694278,,,
04715685,,,
04751713,,,
04791645,,,
04804353,,,
04831810,,,
04833655,,,
04853988,,,
04876393,,,
04886317,,,
04891850,,,
04894460,,,
04985665,,,
04995006,,,
04998845,,,
05036532,,,
05040680,,,
05048575,,,
05070112,,,
05097757,,,
05158093,,,
05203605,,,
05211129,,,
05220243,,,
05222094,,,
05231945,,,
05241145,,,
05241619,,,
05247312,,,
05269976,,,
05276770,,,
05277312,,,
05331882,,,
05392810,,,
05410056,,,
05419025,,,
05424088,,,
05425526,,,
05428587,,,
05439425,,,
05463212,,,
05463934,,,
05477038,,,
05491616,,,
05494591,,,
05545390,,,
05548335,,,
05582619,,,
05591437,,,
05597773,,,
05658367,,,
05667301,,,
05740092,,,
05746715,,,
05747018,,,
05841967,,,
05856736,,,
05861932,,,
05863726,,,
05888589,,,
05969937,,,
05979692,,,
05983995,,,
06031727,,,
06077760,,,
06078926,,,
06126780,,,
06139650,,,
06174009,,,
06324872,,,
06332931,,,
06369729,,,
06910457,,,
06942423,,,
06975532,,,
07026923,,,
07070495,,,
07097064,,,
07122321,,,
07194313,,,
07202627,,,
07206072,,,
07215632,,,
07252614,,,
07268499,,,
07318874,,,
07320890,,,
07412987,,,
07465539,,,
07469260,,,
07494300,,,
07502031,,,
07509426,,,
07512780,,,
07599206,,,
07651495,,,
07669921,,,
07714057,,,
07789195,,,
07925729,,,
07946216,,,
07946451,,,
07958405,,,
08030602,,,
08041950,,,
08044854,,,
08055016,,,
08071414,,,
08075352,,,
08240446,,,
08253539,,,
08482873,,,
08488377,,,
08560508,,,
08624548,,,
08742188,,,
08795285,,,
08844074,,,
08850613,,,
08931800,,,
09004796,,,
09033698,,,
09128022,,,
09330158,,,
09343038,,,
09403026,,,
09424988,,,
09463721,,,
09488496,,,
09512539,,,
09552111,,,
09576849,,,
09579249,,,
09590601,,,
10143499,,,
10143743,,,
10175348,,,
10209619,,,
10218474,,,
10262276,,,
10311218,,,
10319386,,,
10348181,,,
10398952,,,
10520232,,,
10548608,,,
10736214,,,
10808037,,,
11356599,,,
11907520,,,
11969853,,,
12272183,,,
12384953,,,
14046512,,,
14568725,,,
14913919,,,
16564240,,,
16651002,,,
16721078,,,
16779741,,,
17314501,,,
17343510,,,
17361536,,,
17411307,,,
17502881,,,
17607375,,,
18140913,,,
18310649,,,
18340695,,,
18966739,,,
19402130,,,
19449602,,,
19495266,,,
19869338,,,
19875244,,,
19962468,,,
20062766,,,
20177390,,,
20622809,,,
20833976,,,
20833992,,,
20961629,,,
21110927,,,
21130869,,,
21198087,,,
21597133,,,
21661202,,,
21670187,,,
21797311,,,
21866694,,,
22656789,,,
22724710,,,
22749014,,,
22753982,,,
22760839,,,
23241540,,,
23623636,,,
23949522,,,
24048910,,,
24235459,,,
24431221,,,
24610065,,,
24654881,,,
24795049,,,
24799033,,,
24830879,,,
25353939,,,
25363615,,,
25387655,,,
25387671,,,
25387713,,,
25395435,,,
25404542,,,
25420696,,,
25528753,,,
25536764,,,
25606237,,,
25683434,,,
25683475,,,
25743311,,,
25798596,,,
26014175,,,
26178111,,,
26178533,,,
26191078,,,
26408161,,,
26408187,,,
26526166,,,
26529420,,,
26549311,,,
26555235,,,
26563270,,,
26758433,,,
26960328,,,
27171974,,,
27302181,,,
28145589,,,
28244622,,,
28435685,,,
28885036,,,
29341260,,,
29985421,,,
30138226,,,
30304919,,,
30586895,,,
30949267,,,
31746993,,,
31804966,,,
32422628,,,
32428294,,,
32430233,,,
32467086,,,
32474884,,,
32615247,,,
32983165,,,
32995755,,,
33021064,,,
33022690,,,
33370115,,,
33416108,,,
33579731,,,
33615055,,,
33667205,,,
33735192,,,
33737818,,,
33924028,,,
34148882,,,
35571249,,,
36900256,,,
37076205,,,
37079720,,,
37255049,,,
37395399,,,
37442605,,,
37554441,,,
37631058,,,
38588174,,,
39343350,,,
41146382,,,
41180092,,,
41219353,,,
41255225,,,
41669227,,,
41697103,,,
41707258,,,
41753500,,,
41791005,,,
41805003,,,
41931221,,,
41931445,,,
42100982,,,
42107706,,,
42258376,,,
42445122,,,
42873828,,,
42880617,,,
42887133,,,
42898825,,,
42934794,,,
43182278,,,
43268960,,,
43438662,,,
43446335,,,
43488782,,,
43730498,,,
44223196,,,
44373041,,,
44401800,,,
44469161,,,
44746352,,,
44905255,,,
45045671,,,
45068632,,,
45691128,,,
46277273,,,
46642294,,,
47074323,,,
47196084,,,
47944277,,,
48140925,,,
48172860,,,
48718183,,,
49091119,,,
49204605,,,
49389307,,,
49654502,,,
50735161,,,
51010858,,,
51489318,,,
52046299,,,
52137361,,,
52623311,,,
52935442,,,
53184438,,,
53236808,,,
53272365,,,
53505681,,,
53575491,,,
53623781,,,
53776852,,,
53800488,,,
53841911,,,
53846242,,,
53932869,,,
53935029,,,
54037916,,,
54190525,,,
54335401,,,
54401286,,,
55319370,,,
57038408,,,
57259525,,,
57440521,,,
57545436,,,
57563728,,,
57598120,,,
57647653,,,
57987273,,,
57996878,,,
58022195,,,
58290800,,,
59305565,,,
59620708,,,
59869560,,,
62109566,,,
62223733,,,
62284385,,,
62562012,,,
62605290,,,
62673470,,,
62795257,,,
62928320,,,
62931522,,,
63917579,,,
64237530,,,
64276058,,,
64293582,,,
64480833,,,
64739121,,,
65229254,,,
65239402,,,
66259110,,,
66262643,,,
66398496,,,
66402207,,,
66463407,,,
66788142,,,
67031757,,,
67096909,,,
67341487,,,
67915868,,,
67960229,,,
68228006,,,
68314921,,,
68512748,,,
68969625,,,
69136075,,,
69346856,,,
70038237,,,
70116611,,,
70119680,,,
70241658,,,
70431630,,,
70937271,,,
71146450,,,
71154256,,,
71154876,,,
71163315,,,
71207740,,,
71230338,,,
71237184,,,
71238232,,,
71243034,,,
71297899,,,
71328769,,,
71336432,,,
71384697,,,
71392047,,,
71418784,,,
71419600,,,
71432926,,,
71441406,,,
71491609,,,
71502181,,,
71506513,,,
71698674,,,
71884498,,,
71965313,,,
72128440,,,
72257793,,,
72952138,,,
73077398,,,
73092827,,,
73113243,,,
73326449,,,
73398646,,,
73422792,,,
73443863,,,
73631483,,,
73647935,,,
73750424,,,
74064502,,,
74114042,,,
74220948,,,
74244344,,,
74248949,,,
75174953,,,
76059997,,,
76461557,,,
77984870,,,
78157146,,,
78414067,,,
78483310,,,
78825023,,,
78825270,,,
78834975,,,
78840071,,,
78858107,,,
78862083,,,
78865995,,,
78907607,,,
79052122,,,
79063574,,,
79086997,,,
79342069,,,
79457883,,,
80160260,,,
80230774,,,
80959612,,,
80959638,,,
81011686,,,
81014060,,,
81016131,,,
81054686,,,
81099491,,,
81115149,,,
81192106,,,
81206039,,,
81292278,,,
81367880,,,
81466286,,,
81607046,,,
81706616,,,
81723108,,,
82065285,,,
82096447,,,
82133182,,,
82527557,,,
82639451,,,
83315408,,,
83325811,,,
83836114,,,
84156470,,,
84974278,,,
85291086,,,
86389236,,,
86564051,,,
86585049,,,
86791837,,,
86829827,,,
87067757,,,
87437687,,,
87510475,,,
87733077,,,
87733770,,,
87779625,,,
87780268,,,
87780284,,,
87781530,,,
87784088,,,
87795639,,,
87853206,,,
87900411,,,
87900601,,,
88038260,,,
88043187,,,
88099247,,,
88183173,,,
88325113,,,
88471024,,,
88530142,,,
88894548,,,
88952130,,,
89049738,,,
89126130,,,
89280960,,,
89468565,,,
89990501,,,
90278987,,,
90497256,,,
90560434,,,
90608712,,,
90729369,,,
91018408,,,
91159764,,,
91586982,,,
92555150,,,
92675578,,,
92796564,,,
92825397,,,
92935741,,,
94243839,,,
94433109,,,
95163002,,,
95213211,,,
95424891,,,
95594941,,,
96409263,,,
97259253,,,
97489280,,,
C0080075,,,
C0080099,,,
C0080109,,,
C0080116,,,
C0080123,,,
C0080147,,,
C0080154,,,
C0080178,,,
C0080185,,,
C0080192,,,
C0080202,,,
C0080219,,,
C0080226,,,
C0080233,,,
C0080264,,,
C0080271,,,
C0080288,,,
C0080295,,,
C0080305,,,
C0080312,,,
C0080329,,,
C0080336,,,
C0080350,,,
C0080367,,,
C0080374,,,
C0080381,,,
C0080408,,,
C0080422,,,
C0080446,,,
C0080460,,,
C0080477,,,
C0080484,,,
C0080491,,,
C0080518,,,
C0080532,,,
C0080549,,,
C0080556,,,
C0080563,,,
C0080587,,,
C0080611,,,
C0080628,,,
C0080635,,,
C0080642,,,
C0080659,,,
C0080666,,,
C0080673,,,
C0080680,,,
C0080697,,,
C0080707,,,
C0080714,,,
C0080721,,,
C0080738,,,
C0080745,,,
C0080769,,,
C0080776,,,
C0080783,,,
C0080790,,,
C0080800,,,
C0080824,,,
C0080831,,,
C0080848,,,
C0080855,,,
C0080862,,,
C0080879,,,
C0080886,,,
C0080893,,,
C0080903,,,
C0080910,,,
C0080927,,,
C0080934,,,
C0080941,,,
C0080965,,,
C0080996,,,
C0081012,,,
C0081029,,,
C0081036,,,
C0081043,,,
C0081050,,,
C0081067,,,
C0081074,,,
C0081081,,,
C0081098,,,
C0081108,,,
C0081115,,,
C0081122,,,
C0081139,,,
C0081146,,,
C0081153,,,
C0081160,,,
C0081177,,,
C0081184,,,
C0081201,,,
C0081225,,,
C0081232,,,
C0081249,,,
C0081256,,,
C0081263,,,
C0081270,,,
C0081294,,,
C0081304,,,
C0081311,,,
C0081328,,,
C0081335,,,
C0081342,,,
C0081359,,,
C0081366,,,
C0081380,,,
C0081397,,,
C0081407,,,
C0081414,,,
C0081421,,,
C0081438,,,
C0081452,,,
C0081469,,,
C0081483,,,
C0081500,,,
C0081517,,,
C0081555,,,
C0081562,,,
C0081579,,,
C0081586,,,
C0081593,,,
C0081603,,,
C0081610,,,
C0081627,,,
C0081634,,,
C0081641,,,
C0081665,,,
C0081672,,,
C0081689,,,
C0081696,,,
C0081706,,,
C0081713,,,
C0081720,,,
C0081744,,,
C0081768,,,
C0081775,,,
C0081799,,,
C0081823,,,
C0081830,,,
C0081847,,,
C0081878,,,
C0081885,,,
C0081892,,,
C0081919,,,
C0081926,,,
C0081957,,,
C0081964,,,
C0081995,,,
C0082004,,,
C0082011,,,
C0082028,,,
C0082035,,,
C0082042,,,
C0082066,,,
C0082073,,,
C0082080,,,
C0082097,,,
C0082107,,,
C0082152,,,
C0082190,,,
C0082217,,,
C0082224,,,
C0082231,,,
C0082248,,,
C0082255,,,
C0082286,,,
C0082303,,,
C0082310,,,
C0082334,,,
C0082341,,,
C0082372,,,
C0082389,,,
C0082396,,,
C0082406,,,
C0082413,,,
C0082420,,,
C0082444,,,
C0082451,,,
C0082468,,,
C0082475,,,
C0082516,,,
C0082547,,,
C0082592,,,
C0082619,,,
C0082640,,,
C0082664,,,
C0082712,,,
C0082743,,,
C0082750,,,
C0082781,,,
C0082798,,,
C0082918,,,
C0082925,,,
C0082932,,,
C0082963,,,
C0082970,,,
C0082987,,,
C0082994,,,
C0083003,,,
C0083010,,,
C0083027,,,
C0083034,,,
C0083041,,,
C0083058,,,
C0083065,,,
C0083089,,,
C0083120,,,
C0083137,,,
C0083175,,,
C0083209,,,
C0083216,,,
C0083223,,,
C0083230,,,
C0083247,,,
C0083278,,,
C0083292,,,
C0083326,,,
C0083333,,,
C0083357,,,
C0083364,,,
C0083429,,,
C0083436,,,
C0083450,,,
C0083467,,,
C0083474,,,
C0083481,,,
C0083498,,,
C0083508,,,
C0083522,,,
C0083539,,,
C0083546,,,
C0083553,,,
C0083577,,,
C0083584,,,
C0083591,,,
C0083618,,,
C0083625,,,
C0083632,,,
C0083656,,,
C0083670,,,
C0083687,,,
C0083694,,,
C0083704,,,
C0083711,,,
C0083728,,,
C0083759,,,
C0083773,,,
C0083807,,,
C0083814,,,
C0083838,,,
C0083845,,,
C0083876,,,
C0083924,,,
C0083986,,,
C0083993,,,
C0084002,,,
C0084019,,,
C0084026,,,
C0084033,,,
C0084040,,,
C0084057,,,
C0084088,,,
C0084095,,,
C0084129,,,
C0084143,,,
C0084150,,,
C0084174,,,
C0084181,,,
C0084198,,,
C0084208,,,
C0084222,,,
C0084239,,,
C0084253,,,
C0084277,,,
C0084301,,,
C0084325,,,
C0084349,,,
C0084356,,,
C0084387,,,
C0084394,,,
C0084404,,,
C0084411,,,
C0084428,,,
C0084435,,,
C0084442,,,
C0084480,,,
C0084507,,,
C0084514,,,
C0084521,,,
C0084538,,,
C0084545,,,
C0084552,,,
C0084569,,,
C0084576,,,
C0084590,,,
C0084617,,,
C0084624,,,
C0084631,,,
C0084679,,,
C0084686,,,
C0084693,,,
C0084703,,,
C0084710,,,
C0084727,,,
C0084734,,,
C0084741,,,
C0084758,,,
C0084765,,,
C0084789,,,
C0084796,,,
C0084813,,,
C0084820,,,
C0084844,,,
C0084882,,,
C0084899,,,
C0084909,,,
C0084916,,,
C0084923,,,
C0084930,,,
C0084947,,,
C0084954,,,
C0084961,,,
C0084978,,,
C0084985,,,
C0084992,,,
C0085018,,,
C0085032,,,
C0085049,,,
C0085056,,,
C0085070,,,
C0085087,,,
C0085094,,,
C0085111,,,
C0085128,,,
C0085142,,,
C0085159,,,
C0085173,,,
C0085197,,,
C0085214,,,
C0085221,,,
C0085238,,,
C0085269,,,
C0085276,,,
C0085283,,,
C0085290,,,
C0085300,,,
C0085317,,,
C0085324,,,
C0085331,,,
C0085348,,,
C0085355,,,
C0085362,,,
C0085379,,,
C0085393,,,
C0085410,,,
C0085427,,,
C0085434,,,
C0085441,,,
C0085458,,,
C0085465,,,
C0085472,,,
C0085489,,,
C0085496,,,
C0085506,,,
C0085513,,,
C0085520,,,
C0085537,,,
C0085544,,,
C0085551,,,
C0085568,,,
C0085575,,,
C0085582,,,
C0085599,,,
C0085609,,,
C0085616,,,
C0085623,,,
C0085630,,,
C0085647,,,
C0085654,,,
C0085661,,,
C0085678,,,
C0085685,,,
C0085692,,,
C0085702,,,
C0085719,,,
C0085726,,,
C0085740,,,
C0085757,,,
C0085764,,,
C0085771,,,
C0085788,,,
C0085795,,,
C0085805,,,
C0085812,,,
C0085829,,,
C0085836,,,
C0085843,,,
C0085850,,,
C0085867,,,
C0085874,,,
C0085881,,,
C0085898,,,
C0085908,,,
C0085915,,,
C0085922,,,
C0085939,,,
C0085946,,,
C0085960,,,
C0085977,,,
C0085984,,,
C0085991,,,
C0086000,,,
C0086017,,,
C0086024,,,
C0086031,,,
C0086048,,,
C0086055,,,
C0086062,,,
C0086079,,,
C0086086,,,
C0086093,,,
C0086103,,,
C0086110,,,
C0086127,,,
C0086134,,,
C0086141,,,
C0086158,,,
C0086172,,,
C0086196,,,
C0086220,,,
C0086244,,,
C0086251,,,
C0086275,,,
C0086282,,,
C0086299,,,
C0086316,,,
C0086323,,,
C0086330,,,
C0086347,,,
C0086354,,,
C0086361,,,
C0086378,,,
C0086385,,,
C0086392,,,
C0086402,,,
C0086419,,,
C0086426,,,
C0086433,,,
C0086440,,,
C0086457,,,
C0086488,,,
C0086495,,,
C0086505,,,
C0086512,,,
C0086536,,,
C0086543,,,
C0086550,,,
C0086567,,,
C0086581,,,
C0086598,,,
C0086608,,,
C0086615,,,
C0086622,,,
C0086639,,,
C0086646,,,
C0086653,,,
C0086660,,,
C0086677,,,
C0086684,,,
C0086691,,,
C0086701,,,
C0086718,,,
C0086725,,,
C0086732,,,
C0086749,,,
C0086756,,,
C0086763,,,
C0086770,,,
C0086787,,,
C0086794,,,
C0086804,,,
C0086811,,,
C0086828,,,
C0086835,,,
C0086859,,,
C0086866,,,
C0086873,,,
C0086880,,,
C0086907,,,
C0086914,,,
C0086921,,,
C0086938,,,
C0086945,,,
C0086952,,,
C0086969,,,
C0086976,,,
C0086983,,,
C0087009,,,
C0087016,,,
C0087023,,,
C0087030,,,
C0087047,,,
C0087054,,,
C0087061,,,
C0087078,,,
C0087085,,,
C0087092,,,
C0087102,,,
C0087119,,,
C0087126,,,
C0087133,,,
C0087140,,,
C0087157,,,
C0087164,,,
C0087171,,,
C0087188,,,
C0087195,,,
C0087205,,,
C0087212,,,
C0087229,,,
C0087236,,,
C0087243,,,
C0087250,,,
C0087267,,,
C0087274,,,
C0087281,,,
C0087298,,,
C0087308,,,
C0087315,,,
C0087322,,,
C0087339,,,
C0087346,,,
C0087353,,,
C0087377,,,
C0087384,,,
C0087391,,,
C0087401,,,
C0087418,,,
C0087425,,,
C0087432,,,
C0087449,,,
C0087456,,,
C0087470,,,
C0087487,,,
C0087494,,,
C0087504,,,
C0087528,,,
C0087535,,,
C0087542,,,
C0087566,,,
C0087573,,,
C0087580,,,
C0087597,,,
C0087607,,,
C0087614,,,
C0087621,,,
C0087638,,,
C0087645,,,
C0087652,,,
C0087669,,,
C0087676,,,
C0087683,,,
C0087690,,,
C0087700,,,
C0087724,,,
C0087731,,,
C0087748,,,
C0087755,,,
C0087762,,,
C0087779,,,
C0087786,,,
C0087793,,,
C0087803,,,
C0087810,,,
C0087827,,,
C0087834,,,
C0087841,,,
C0087858,,,
C0087865,,,
C0087872,,,
C0087889,,,
C0087896,,,
C0087906,,,
C0087913,,,
C0087920,,,
C0087937,,,
C0087944,,,
C0087951,,,
C0087968,,,
C0087975,,,
C0087982,,,
C0087999,,,
C0088008,,,
C0088015,,,
C0088022,,,
C0088039,,,
C0088046,,,
C0088053,,,
C0088060,,,
C0088077,,,
C0088084,,,
C0088091,,,
C0088101,,,
C0088118,,,
C0088125,,,
C0088132,,,
C0088149,,,
C0088156,,,
C0088163,,,
C0088170,,,
C0088187,,,
C0088194,,,
C0088204,,,
C0088211,,,
C0088228,,,
C0088235,,,
C0088242,,,
C0088266,,,
C0088280,,,
C0088297,,,
C0088307,,,
C0088314,,,
C0088321,,,
C0088345,,,
C0088352,,,
C0088383,,,
C0088390,,,
C0088417,,,
C0088424,,,
C0088431,,,
C0088448,,,
C0088462,,,
C0088479,,,
C0088486,,,
C0088503,,,
C0088510,,,
C0088527,,,
C0088534,,,
C0088541,,,
C0088565,,,
C0088572,,,
C0088596,,,
C0088644,,,
C0088651,,,
C0088668,,,
C0088709,,,
C0088716,,,
C0088730,,,
C0088761,,,
C0088778,,,
C0088785,,,
C0088792,,,
C0088802,,,
C0088840,,,
C0088857,,,
